Unnamed: 0,campaign_id,date_start,cpc,cpm,ctr,reach,spend,clicks,impressions,conversion,daily_budget,campaign_name
1777,120214873996970533,2026-03-08,1.105553,39.391551,15.148015999999998,15056.0,123.42,736.0,18601.0,898.06,4000.0,Prospecting_Brand_Campaign_02
3083,120231960742960533,2026-03-08,1.197046,117.712536,55.645731,1692.0,21.700000000000003,113.0,2103.0,0.0,2500.0,Remarketing_DPA_Campaign_01
3303,120235053527040533,2026-03-08,8.350286,319.233717,118.660825,7404.0,105.66,151.0,11463.0,918.94,2500.0,Prospecting_Brand_Campaign_01
3304,120235053527040533,2026-03-09,11.043794,318.45756,145.087049,8155.0,107.109999,126.0,12459.0,228.42,2500.0,Prospecting_Brand_Campaign_01
1778,120214873996970533,2026-03-09,0.983495,55.451211,16.031637,13944.0,117.359999,637.0,16922.0,567.11,4000.0,Prospecting_Brand_Campaign_02
3084,120231960742960533,2026-03-09,0.952958,108.408019,27.478346,1573.0,20.4,108.0,2004.0,0.0,2500.0,Remarketing_DPA_Campaign_01
3085,120231960742960533,2026-03-10,1.188934,98.644553,61.104957,1540.0,20.3,128.0,1945.0,699.0,2500.0,Remarketing_DPA_Campaign_01
1779,120214873996970533,2026-03-10,0.99705,71.30102600000001,16.99631,17516.0,133.07,764.0,19553.0,275.39,4000.0,Prospecting_Brand_Campaign_02
3305,120235053527040533,2026-03-10,12.379836,450.315275,110.761158,7051.0,106.99,176.0,10035.0,513.53,2500.0,Prospecting_Brand_Campaign_01
3086,120231960742960533,2026-03-11,1.145929,105.90852,36.862397,1526.0,19.7,107.0,1794.0,0.0,2500.0,Remarketing_DPA_Campaign_01
3306,120235053527040533,2026-03-11,9.86928,350.436467,104.000402,6520.0,101.47,153.0,8924.0,0.0,2500.0,Prospecting_Brand_Campaign_01
1780,120214873996970533,2026-03-11,0.960845,46.656221,26.669785,15423.0,130.180001,707.0,17771.0,680.3599999999999,4000.0,Prospecting_Brand_Campaign_02
3307,120235053527040533,2026-03-12,8.939029,251.885651,88.045956,6040.0,88.630001,145.0,8555.0,381.0,2500.0,Prospecting_Brand_Campaign_01
1781,120214873996970533,2026-03-12,1.218127,88.738772,13.447543,12847.0,107.33,496.0,14147.0,962.87,4000.0,Prospecting_Brand_Campaign_02
3087,120231960742960533,2026-03-12,1.432113,99.854223,47.100609,1433.0,19.24,85.0,1694.0,371.07,2500.0,Remarketing_DPA_Campaign_01
3308,120235053527040533,2026-03-13,10.196292,274.045866,107.859419,6268.0,91.97,121.0,8907.0,599.05,2500.0,Prospecting_Brand_Campaign_01
1782,120214873996970533,2026-03-13,1.4787469999999998,98.972137,25.089354,13313.0,116.12,491.0,14915.0,868.77,4000.0,Prospecting_Brand_Campaign_02
3088,120231960742960533,2026-03-13,1.103592,101.229023,33.999926,1695.0,19.1,115.0,1941.0,76.94999999999999,2500.0,Remarketing_DPA_Campaign_01
3309,120235053527040533,2026-03-14,7.037018,329.604775,109.212487,5593.0,96.38,142.0,6842.0,184.09,2500.0,Prospecting_Brand_Campaign_01
3089,120231960742960533,2026-03-14,0.887435,82.552595,139.418938,1904.0,19.52,152.0,2118.0,0.0,2500.0,Remarketing_DPA_Campaign_01
1783,120214873996970533,2026-03-14,1.109877,56.051968,39.634628,13988.0,111.63,539.0,15397.0,806.61,4000.0,Prospecting_Brand_Campaign_02
3310,120235053527040533,2026-03-15,8.394355000000001,333.283064,115.061291,6569.0,117.86,196.0,8945.0,146.57999999999998,2500.0,Prospecting_Brand_Campaign_01
3090,120231960742960533,2026-03-15,1.014523,82.70233400000001,46.836579,2081.0,21.73,159.0,2313.0,51.49,2500.0,Remarketing_DPA_Campaign_01
1784,120214873996970533,2026-03-15,1.515903,56.419537,25.200631,16357.0,139.56,640.0,18085.0,643.97,4000.0,Prospecting_Brand_Campaign_02
3091,120231960742960533,2026-03-16,0.975792,106.855792,49.407023,1921.0,20.39,148.0,2223.0,64.2,2500.0,Remarketing_DPA_Campaign_01
1785,120214873996970533,2026-03-16,0.96853,39.897689,35.019852,16745.0,141.29,751.0,18849.0,1314.49,4000.0,Prospecting_Brand_Campaign_02
3311,120235053527040533,2026-03-16,11.615891,446.537773,91.261398,6533.0,110.36,198.0,8766.0,514.13,2500.0,Prospecting_Brand_Campaign_01
3092,120231960742960533,2026-03-17,1.275603,107.555944,83.372749,1742.0,19.94,144.0,2019.0,49.21,2500.0,Remarketing_DPA_Campaign_01
1786,120214873996970533,2026-03-17,0.766861,74.223454,114.041143,13216.0,121.48,586.0,14768.0,1329.51,4000.0,Prospecting_Brand_Campaign_02
3312,120235053527040533,2026-03-17,9.505376,273.091517,74.165505,6141.0,96.62,179.0,8335.0,1492.5,2500.0,Prospecting_Brand_Campaign_01
3093,120231960742960533,2026-03-18,1.243779,127.744521,88.720177,1748.0,20.68,117.0,2020.0,0.0,2500.0,Remarketing_DPA_Campaign_01
3313,120235053527040533,2026-03-18,5.659317,305.861132,78.645375,4212.0,78.640002,102.0,5933.0,1937.14,2500.0,Prospecting_Brand_Campaign_01
1787,120214873996970533,2026-03-18,0.7554690000000001,38.261958,46.396489,12051.0,110.719999,690.0,13899.0,2228.61,4000.0,Prospecting_Brand_Campaign_02
3094,120231960742960533,2026-03-19,2.3543450000000004,137.908142,37.581292,1632.0,19.09,90.0,1890.0,118.0,2500.0,Remarketing_DPA_Campaign_01
1788,120214873996970533,2026-03-19,0.653932,32.721081,24.836525,9826.0,80.23,615.0,11436.0,1005.23,4000.0,Prospecting_Brand_Campaign_02
3314,120235053527040533,2026-03-19,8.276543,221.505253,84.298986,4895.0,76.38,120.0,7398.0,630.41,2500.0,Prospecting_Brand_Campaign_01
3095,120231960742960533,2026-03-20,0.889133,94.244916,66.52894,1662.0,19.24,135.0,1940.0,0.0,2500.0,Remarketing_DPA_Campaign_01
1789,120214873996970533,2026-03-20,0.611304,50.910074,27.910185,7953.0,65.31,466.0,9404.0,2160.94,4000.0,Prospecting_Brand_Campaign_02
3315,120235053527040533,2026-03-20,11.671046,488.958329,113.993157,5718.0,85.35,125.0,8536.0,298.99,2500.0,Prospecting_Brand_Campaign_01
3316,120235053527040533,2026-03-21,8.250859,273.636723,135.274533,6143.0,86.33,127.0,8844.0,319.49,2500.0,Prospecting_Brand_Campaign_01
1790,120214873996970533,2026-03-21,1.054885,35.234579000000004,20.01331,8826.0,73.16,542.0,10263.0,1253.6799999999998,4000.0,Prospecting_Brand_Campaign_02
3096,120231960742960533,2026-03-21,1.711255,104.516391,91.208057,1669.0,18.82,104.0,1822.0,43.99,2500.0,Remarketing_DPA_Campaign_01
3317,120235053527040533,2026-03-22,19.097735,630.479461,110.523388,6075.0,89.60000000000001,122.0,8961.0,739.28,2500.0,Prospecting_Brand_Campaign_01
1791,120214873996970533,2026-03-22,1.596179,47.942996,51.329561000000005,9647.0,82.49000000000001,509.0,10810.0,1024.35,4000.0,Prospecting_Brand_Campaign_02
3097,120231960742960533,2026-03-22,1.237015,156.181879,48.035658,1917.0,21.84,139.0,2231.0,50.59,2500.0,Remarketing_DPA_Campaign_01
3318,120235053527040533,2026-03-23,13.127004,393.427069,193.039138,4546.0,65.88,88.0,6433.0,297.73,2500.0,Prospecting_Brand_Campaign_01
1792,120214873996970533,2026-03-23,1.225142,48.384147,16.259982,5728.0,52.21,309.0,6654.0,668.36,4000.0,Prospecting_Brand_Campaign_02
3098,120231960742960533,2026-03-23,1.124685,106.909902,34.772415,1797.0,20.92,115.0,2069.0,111.98,2500.0,Remarketing_DPA_Campaign_01
3319,120235053527040533,2026-03-24,9.852109,356.21993,150.296465,3091.0,48.82,68.0,4445.0,674.6899999999999,2500.0,Prospecting_Brand_Campaign_01
3099,120231960742960533,2026-03-24,1.295424,153.920689,44.941103,1550.0,21.75,107.0,1867.0,113.98,2500.0,Remarketing_DPA_Campaign_01
1793,120214873996970533,2026-03-24,0.7818999999999999,46.401045,46.348051,6267.0,55.060001,309.0,7320.0,893.45,4000.0,Prospecting_Brand_Campaign_02
3100,120231960742960533,2026-03-25,1.827443,122.990206,42.869906,1302.0,19.22,68.0,1550.0,169.6,2500.0,Remarketing_DPA_Campaign_01
3320,120235053527040533,2026-03-25,8.95889,367.720695,91.912899,2919.0,46.07,61.0,4258.0,603.74,2500.0,Prospecting_Brand_Campaign_01
1794,120214873996970533,2026-03-25,0.750165,37.902552,48.918963,5619.0,49.06,290.0,6772.0,652.46,4000.0,Prospecting_Brand_Campaign_02
3101,120231960742960533,2026-03-26,1.487733,140.680794,51.505195,1491.0,20.02,116.0,1755.0,101.0,2500.0,Remarketing_DPA_Campaign_01
1795,120214873996970533,2026-03-26,0.601535,35.852713,51.315141,5195.0,44.79,322.0,6159.0,604.34,4000.0,Prospecting_Brand_Campaign_02
3321,120235053527040533,2026-03-26,7.602405,329.613351,121.079162,2327.0,38.53,47.0,3709.0,426.56,2500.0,Prospecting_Brand_Campaign_01
3102,120231960742960533,2026-03-27,0.969788,109.479767,130.496289,1521.0,19.25,112.0,1768.0,0.0,2500.0,Remarketing_DPA_Campaign_01
1796,120214873996970533,2026-03-27,1.46253,67.119945,29.386111,5494.0,48.309999000000005,298.0,6326.0,1457.33,4000.0,Prospecting_Brand_Campaign_02
3322,120235053527040533,2026-03-27,11.801474,327.211433,242.814871,2995.0,46.48,46.0,4700.0,260.52,2500.0,Prospecting_Brand_Campaign_01
3103,120231960742960533,2026-03-28,2.519382,119.410005,39.142017,1464.0,16.740000000000002,55.0,1623.0,62.9,2500.0,Remarketing_DPA_Campaign_01
1797,120214873996970533,2026-03-28,0.731988,45.911662,31.74053,6126.0,44.0,326.0,6817.0,591.71,4000.0,Prospecting_Brand_Campaign_02
3323,120235053527040533,2026-03-28,9.330864,256.663652,83.786512,4155.0,45.75,48.0,6024.0,172.1,2500.0,Prospecting_Brand_Campaign_01
3324,120235053527040533,2026-03-29,7.753245,322.665996,185.430078,4082.0,55.65,48.0,6419.0,190.66,2500.0,Prospecting_Brand_Campaign_01
3104,120231960742960533,2026-03-29,1.530321,133.085678,56.651273,1542.0,21.12,100.0,1779.0,0.0,2500.0,Remarketing_DPA_Campaign_01
1798,120214873996970533,2026-03-29,0.666603,56.051197,16.60731,6175.0,50.05,327.0,6771.0,340.32,4000.0,Prospecting_Brand_Campaign_02
1799,120214873996970533,2026-03-30,1.04344,83.11370099999999,12.841919,5090.0,44.09,220.0,5570.0,0.0,4000.0,Prospecting_Brand_Campaign_02
3105,120231960742960533,2026-03-30,1.320798,94.521849,133.422051,1367.0,19.66,89.0,1564.0,82.67,2500.0,Remarketing_DPA_Campaign_01
3325,120235053527040533,2026-03-30,10.98547,295.775192,185.47132,3389.0,47.29,58.0,5147.0,187.84,2500.0,Prospecting_Brand_Campaign_01
1800,120214873996970533,2026-03-31,0.938446,90.36009,29.005693,5619.0,52.770001,281.0,6317.0,441.08,4000.0,Prospecting_Brand_Campaign_02
3326,120235053527040533,2026-03-31,9.669787,426.887504,190.684842,3277.0,49.4,49.0,4947.0,897.17,2500.0,Prospecting_Brand_Campaign_01
3106,120231960742960533,2026-03-31,0.9966,111.82511,82.648036,1573.0,20.1,162.0,1811.0,108.0,2500.0,Remarketing_DPA_Campaign_01
1801,120214873996970533,2026-04-01,0.861888,41.929383,19.382564,13688.0,129.38,839.0,15994.0,909.69,4000.0,Prospecting_Brand_Campaign_02
3107,120231960742960533,2026-04-01,1.61197,172.770243,83.04898800000001,3032.0,49.82,298.0,3594.0,0.0,2500.0,Remarketing_DPA_Campaign_01
3327,120235053527040533,2026-04-01,7.907896999999999,367.564882,113.153466,5687.0,86.25999999999999,70.0,8734.0,103.42,2500.0,Prospecting_Brand_Campaign_01
3108,120231960742960533,2026-04-02,1.749186,163.087666,50.322784,2822.0,48.38,237.0,3392.0,0.0,2500.0,Remarketing_DPA_Campaign_01
3328,120235053527040533,2026-04-02,18.265417,332.4423,111.285506,5724.0,99.49,78.0,8780.0,45.99,2500.0,Prospecting_Brand_Campaign_01
1802,120214873996970533,2026-04-02,0.806945,40.099536,21.24074,8144.0,77.96000000000001,399.0,9169.0,1085.33,4000.0,Prospecting_Brand_Campaign_02
1803,120214873996970533,2026-04-03,1.250264,39.405263,13.046349,9780.0,83.46,359.0,11127.0,277.55,4000.0,Prospecting_Brand_Campaign_02
3109,120231960742960533,2026-04-03,1.68233,128.978572,51.104507,2920.0,47.39,217.0,3518.0,151.11,2500.0,Remarketing_DPA_Campaign_01
3329,120235053527040533,2026-04-03,19.713303,312.447789,108.409799,5786.0,90.74,67.0,8962.0,0.0,2500.0,Prospecting_Brand_Campaign_01
3110,120231960742960533,2026-04-04,1.109379,115.220814,49.138138,3452.0,43.39,276.0,3996.0,97.99,2500.0,Remarketing_DPA_Campaign_01
3330,120235053527040533,2026-04-04,19.539849,294.175542,114.803395,6299.0,92.41,80.0,9689.0,90.92,2500.0,Prospecting_Brand_Campaign_01
1804,120214873996970533,2026-04-04,1.676263,59.839726,13.559458,10757.0,90.37,415.0,12042.0,146.12,4000.0,Prospecting_Brand_Campaign_02
3331,120235053527040533,2026-04-05,10.264019,287.179387,127.316459,6678.0,97.45,105.0,10436.0,294.99,2500.0,Prospecting_Brand_Campaign_01
1805,120214873996970533,2026-04-05,0.968811,117.332971,16.920289,11274.0,102.29,480.0,13060.0,337.3,4000.0,Prospecting_Brand_Campaign_02
3111,120231960742960533,2026-04-05,1.758793,127.652364,63.861999,4198.0,55.05,349.0,5153.0,29.07,2500.0,Remarketing_DPA_Campaign_01
1806,120214873996970533,2026-04-06,2.196619,81.827293,11.478382,9799.0,98.03,379.0,10960.0,300.48,4000.0,Prospecting_Brand_Campaign_02
3112,120231960742960533,2026-04-06,2.280872,480.824059,114.229839,3701.0,50.48,276.0,4344.0,0.0,2500.0,Remarketing_DPA_Campaign_01
3332,120235053527040533,2026-04-06,15.002176,337.52414600000003,96.162404,7255.0,102.95,112.0,11542.0,1427.12,2500.0,Prospecting_Brand_Campaign_01
1807,120214873996970533,2026-04-07,1.687036,80.00929500000001,124.837341,9217.0,99.27,364.0,10438.0,977.86,4000.0,Prospecting_Brand_Campaign_02
3113,120231960742960533,2026-04-07,1.727902,115.793563,43.748922,3302.0,45.09,239.0,3908.0,0.0,2500.0,Remarketing_DPA_Campaign_01
3333,120235053527040533,2026-04-07,30.896205,381.240311,147.697844,7336.0,107.62,126.0,11537.0,479.57,2500.0,Prospecting_Brand_Campaign_01
3334,120235053527040533,2026-04-08,27.198333,421.370999,232.774096,6732.0,95.15,77.0,10083.0,118.79,2500.0,Prospecting_Brand_Campaign_01
1808,120214873996970533,2026-04-08,2.316233,72.834573,11.020116,9365.0,106.19,343.0,10811.0,276.97,4000.0,Prospecting_Brand_Campaign_02
3114,120231960742960533,2026-04-08,1.439936,133.325578,51.954564000000005,3195.0,49.1,241.0,3783.0,157.8,2500.0,Remarketing_DPA_Campaign_01
3335,120235053527040533,2026-04-09,11.786704,346.867744,182.902059,6446.0,99.28,134.0,10139.0,225.0,2500.0,Prospecting_Brand_Campaign_01
1809,120214873996970533,2026-04-09,1.921466,107.238539,20.726175,10781.0,111.56,608.0,12125.0,2146.9,4000.0,Prospecting_Brand_Campaign_02
3115,120231960742960533,2026-04-09,1.812984,200.858598,49.76727,2905.0,48.66,240.0,3521.0,205.0,2500.0,Remarketing_DPA_Campaign_01
3336,120235053527040533,2026-04-10,10.111324,339.37331700000004,193.553231,5091.0,77.71000000000001,118.0,7739.0,337.99,2500.0,Prospecting_Brand_Campaign_01
1810,120214873996970533,2026-04-10,0.946782,69.163222,11.261918,8410.0,79.08,352.0,9541.0,513.93,4000.0,Prospecting_Brand_Campaign_02
3116,120231960742960533,2026-04-10,2.459223,162.685863,58.120174,3031.0,53.39,196.0,3816.0,359.37,2500.0,Remarketing_DPA_Campaign_01
1811,120214873996970533,2026-04-11,0.770563,101.628366,15.807812,3783.0,28.02,165.0,4213.0,309.44,4000.0,Prospecting_Brand_Campaign_02
3337,120235053527040533,2026-04-11,4.327808,316.86827,98.970623,2248.0,27.05,36.0,3062.0,97.76,2500.0,Prospecting_Brand_Campaign_01
3117,120231960742960533,2026-04-11,2.4520880000000003,137.325829,46.876806,3277.0,47.88,194.0,3959.0,196.72,2500.0,Remarketing_DPA_Campaign_01
3118,120231960742960533,2026-04-12,2.597171,139.501911,46.66442,3300.0,54.52,215.0,4148.0,70.6,2500.0,Remarketing_DPA_Campaign_01
3338,120235053527040533,2026-04-12,19.834564,378.338834,162.342211,3535.0,58.41,66.0,5144.0,1001.75,2500.0,Prospecting_Brand_Campaign_01
1812,120214873996970533,2026-04-12,0.634199,41.322273,17.557315,6298.0,49.84,281.0,7071.0,291.8,4000.0,Prospecting_Brand_Campaign_02
3339,120235053527040533,2026-04-13,10.045238,373.271006,109.616126,3245.0,52.86,43.0,4850.0,127.66,2500.0,Prospecting_Brand_Campaign_01
1813,120214873996970533,2026-04-13,0.982231,44.025219,18.220358,5954.0,49.399999,250.0,6504.0,89.01,4000.0,Prospecting_Brand_Campaign_02
3119,120231960742960533,2026-04-13,2.313876,183.125378,55.486874,3228.0,50.48,203.0,3975.0,100.0,2500.0,Remarketing_DPA_Campaign_01
3120,120231960742960533,2026-04-14,2.070873,206.690233,49.068751,2663.0,54.879999,212.0,3411.0,0.0,2500.0,Remarketing_DPA_Campaign_01
1814,120214873996970533,2026-04-14,1.283673,49.939024,14.002594,6128.0,53.42,269.0,6774.0,201.71,4000.0,Prospecting_Brand_Campaign_02
3340,120235053527040533,2026-04-14,16.592916,402.001038,146.775868,2642.0,49.78,63.0,4072.0,333.45,2500.0,Prospecting_Brand_Campaign_01
1815,120214873996970533,2026-04-15,1.155137,38.90106,16.159182,6189.0,53.56,284.0,6818.0,355.21000000000004,4000.0,Prospecting_Brand_Campaign_02
3341,120235053527040533,2026-04-15,12.272583,410.973815,132.327237,2631.0,51.28,54.0,4062.0,2520.59,2500.0,Prospecting_Brand_Campaign_01
3121,120231960742960533,2026-04-15,2.234123,158.219728,151.771861,2550.0,51.82,180.0,3280.0,432.7,2500.0,Remarketing_DPA_Campaign_01
3122,120231960742960533,2026-04-16,2.027584,163.078353,68.737898,2470.0,46.94,178.0,3208.0,0.0,2500.0,Remarketing_DPA_Campaign_01
1816,120214873996970533,2026-04-16,1.212831,87.704261,10.655855,5503.0,50.3,241.0,6217.0,3524.62,4000.0,Prospecting_Brand_Campaign_02
3342,120235053527040533,2026-04-16,10.973944,431.846252,138.858245,2515.0,50.65,51.0,3795.0,699.81,2500.0,Prospecting_Brand_Campaign_01
1817,120214873996970533,2026-04-17,0.713219,31.681204,35.310919,5715.0,50.11,241.0,6496.0,121.17,4000.0,Prospecting_Brand_Campaign_02
3343,120235053527040533,2026-04-17,13.323254,441.803729,183.117839,2384.0,44.05,52.0,3752.0,103.0,2500.0,Prospecting_Brand_Campaign_01
3123,120231960742960533,2026-04-17,2.945333,240.043028,45.339862,2332.0,47.870000000000005,150.0,2957.0,0.0,2500.0,Remarketing_DPA_Campaign_01
3124,120231960742960533,2026-04-18,2.244716,189.171378,46.634015,2421.0,43.33,150.0,2911.0,189.02,2500.0,Remarketing_DPA_Campaign_01
1818,120214873996970533,2026-04-18,0.584502,47.766388,35.959187,5751.0,43.1,273.0,6346.0,689.2,4000.0,Prospecting_Brand_Campaign_02
3344,120235053527040533,2026-04-18,9.1845,444.317087,288.027428,2740.0,41.51,49.0,3876.0,53.73,2500.0,Prospecting_Brand_Campaign_01
3345,120235053527040533,2026-04-19,16.18686,409.500276,212.318631,3166.0,56.48,71.0,4850.0,75.22,2500.0,Prospecting_Brand_Campaign_01
3125,120231960742960533,2026-04-19,3.450412,176.366985,61.546176,2889.0,54.67,190.0,3724.0,80.99,2500.0,Remarketing_DPA_Campaign_01
1819,120214873996970533,2026-04-19,1.280749,50.723468,10.438855,6712.0,53.65,264.0,7275.0,239.98,4000.0,Prospecting_Brand_Campaign_02
3126,120231960742960533,2026-04-20,3.32597,212.794671,94.448638,2525.0,57.93,271.0,3283.0,2423.08,2500.0,Remarketing_DPA_Campaign_01
1820,120214873996970533,2026-04-20,0.673948,67.878507,46.493005,5964.0,51.900000000000006,318.0,6488.0,1343.92,4000.0,Prospecting_Brand_Campaign_02
3346,120235053527040533,2026-04-20,14.355182,572.861323,236.54651,2725.0,55.15,71.0,4288.0,1181.32,2500.0,Prospecting_Brand_Campaign_01
1821,120214873996970533,2026-04-21,0.652981,41.608401,126.047444,6490.0,65.15,498.0,7803.0,1828.89,4000.0,Prospecting_Brand_Campaign_02
3127,120231960742960533,2026-04-21,2.612814,198.628412,88.290755,2874.0,58.36,287.0,3971.0,442.83,2500.0,Remarketing_DPA_Campaign_01
3347,120235053527040533,2026-04-21,8.982665,564.996939,513.167323,2008.0,56.750001,62.0,3692.0,333.9,2500.0,Prospecting_Brand_Campaign_01
1822,120214873996970533,2026-04-22,0.651673,39.826327,27.018378,7558.0,69.25999999999999,614.0,9095.0,715.98,4000.0,Prospecting_Brand_Campaign_02
3348,120235053527040533,2026-04-22,18.343012,398.348011,166.246681,2807.0,65.95,71.0,4466.0,130.66,2500.0,Prospecting_Brand_Campaign_01
3128,120231960742960533,2026-04-22,2.607416,177.112759,51.743274,3932.0,64.72,258.0,5120.0,2181.35,2500.0,Remarketing_DPA_Campaign_01
1823,120214873996970533,2026-04-23,0.495087,30.139544,12.690501,3813.0,33.160000000000004,190.0,4185.0,493.34,4000.0,Prospecting_Brand_Campaign_02
3349,120235053527040533,2026-04-23,5.220179,537.2009909999999,167.736549,1550.0,37.48,56.0,2686.0,0.0,2500.0,Prospecting_Brand_Campaign_01
3129,120231960742960533,2026-04-23,1.698597,161.773389,51.425585,1954.0,33.9,140.0,2542.0,217.12,2500.0,Remarketing_DPA_Campaign_01
3130,120231960742960533,2026-04-24,2.239396,133.540527,38.713017,2418.0,36.85,143.0,3078.0,0.0,2500.0,Remarketing_DPA_Campaign_01
3350,120235053527040533,2026-04-24,3.268444,169.798101,66.17740500000001,1625.0,31.6,43.0,2923.0,0.0,2500.0,Prospecting_Brand_Campaign_01
1824,120214873996970533,2026-04-24,0.828998,67.718741,13.582411,3699.0,28.02,162.0,4215.0,185.26,4000.0,Prospecting_Brand_Campaign_02
3351,120235053527040533,2026-04-25,3.86722,355.041976,96.153546,2320.0,45.46,69.0,3814.0,0.0,2500.0,Prospecting_Brand_Campaign_01
1825,120214873996970533,2026-04-25,1.588674,32.48646,11.60025,6885.0,48.13,268.0,7551.0,163.36,4000.0,Prospecting_Brand_Campaign_02
3131,120231960742960533,2026-04-25,2.084631,124.213283,73.30933,3544.0,43.050001,197.0,4443.0,0.0,2500.0,Remarketing_DPA_Campaign_01
3132,120231960742960533,2026-04-26,1.936985,120.131999,56.88901,3498.0,51.52,226.0,4813.0,140.25,2500.0,Remarketing_DPA_Campaign_01
1826,120214873996970533,2026-04-26,0.647117,47.205953,15.27352,6184.0,47.48,232.0,6865.0,179.96,4000.0,Prospecting_Brand_Campaign_02
3352,120235053527040533,2026-04-26,3.486143,180.7369,35.661303000000004,2105.0,50.02,68.0,3682.0,0.0,2500.0,Prospecting_Brand_Campaign_01
3133,120231960742960533,2026-04-27,1.794189,130.499042,43.023324,2877.0,47.41,184.0,3960.0,0.0,2500.0,Remarketing_DPA_Campaign_01
1827,120214873996970533,2026-04-27,1.303507,49.872477,20.254643,5839.0,50.36,266.0,6342.0,169.73,4000.0,Prospecting_Brand_Campaign_02
3353,120235053527040533,2026-04-27,6.578929,459.020612,127.564523,2292.0,51.79,54.0,3747.0,538.69,2500.0,Prospecting_Brand_Campaign_01
1828,120214873996970533,2026-04-28,1.286328,52.10683,14.126614,1770.0,13.57,71.0,1885.0,120.0,4000.0,Prospecting_Brand_Campaign_02
3354,120235053527040533,2026-04-28,1.1992310000000002,279.769342,140.63147,895.0,14.56,17.0,1234.0,551.23,2500.0,Prospecting_Brand_Campaign_01
3134,120231960742960533,2026-04-28,2.802426,138.425696,24.111811,1045.0,17.02,49.0,1218.0,102.88,2500.0,Remarketing_DPA_Campaign_01
3135,120231960742960533,2026-04-29,2.08375,170.842804,117.903768,405.0,5.16,27.0,442.0,0.0,2500.0,Remarketing_DPA_Campaign_01
1829,120214873996970533,2026-04-29,0.296889,40.343819,9.063795,727.0,4.59,28.0,840.0,0.0,4000.0,Prospecting_Brand_Campaign_02
3355,120235053527040533,2026-04-29,1.4975,158.685507,36.658075,436.0,5.0600000000000005,6.0,611.0,197.83,2500.0,Prospecting_Brand_Campaign_01
3136,120231960742960533,2026-04-30,2.17,94.063492,26.052189,252.0,3.42,9.0,307.0,0.0,2500.0,Remarketing_DPA_Campaign_01
3356,120235053527040533,2026-04-30,1.5955,75.217194,73.83042900000001,443.0,4.86,10.0,620.0,34.39,2500.0,Prospecting_Brand_Campaign_01
1830,120214873996970533,2026-04-30,0.531757,46.441019,16.355154,778.0,4.76,42.0,866.0,0.0,4000.0,Prospecting_Brand_Campaign_02
3137,120231960742960533,2026-05-01,0.850119,143.357058,50.10677,410.0,5.54,42.0,488.0,0.0,2500.0,Remarketing_DPA_Campaign_01
3357,120235053527040533,2026-05-01,1.4549999999999998,164.832552,136.076147,539.0,5.699999999999999,11.0,749.0,250.0,2500.0,Prospecting_Brand_Campaign_01
1831,120214873996970533,2026-05-01,0.390942,29.605831,7.068714,786.0,5.2700000000000005,29.0,889.0,0.0,4000.0,Prospecting_Brand_Campaign_02
3358,120235053527040533,2026-05-02,2.81,160.218219,0.150602,561.0,3.89,1.0,785.0,0.0,2500.0,Prospecting_Brand_Campaign_01
1832,120214873996970533,2026-05-02,0.325927,48.287384,20.998749,898.0,4.81,40.0,989.0,0.0,4000.0,Prospecting_Brand_Campaign_02
3138,120231960742960533,2026-05-02,0.925151,223.039277,149.632967,364.0,4.69,29.0,407.0,0.0,2500.0,Remarketing_DPA_Campaign_01
3359,120235053527040533,2026-05-03,1.9925,76.325301,27.002459,538.0,5.370000000000001,7.0,799.0,213.0,2500.0,Prospecting_Brand_Campaign_01
3139,120231960742960533,2026-05-03,0.541238,79.05804,45.181631,536.0,5.92,36.0,615.0,0.0,2500.0,Remarketing_DPA_Campaign_01
1833,120214873996970533,2026-05-03,0.313143,30.653741,20.682352,906.0,5.51,43.0,1047.0,0.0,4000.0,Prospecting_Brand_Campaign_02
3140,120231960742960533,2026-05-04,1.953888,131.683993,59.104276,3466.0,61.86,254.0,4330.0,0.0,2500.0,Remarketing_DPA_Campaign_01
3360,120235053527040533,2026-05-04,1.72701,115.836855,31.820753,3319.0,58.900001,98.0,5314.0,316.81,2500.0,Prospecting_Brand_Campaign_01
1834,120214873996970533,2026-05-04,1.842439,51.028028000000006,113.262252,7444.0,67.0,303.0,8185.0,95.93,4000.0,Prospecting_Brand_Campaign_02
3141,120231960742960533,2026-05-05,2.956402,160.826169,95.240474,4801.0,79.88000000000001,366.0,5969.0,0.0,2500.0,Remarketing_DPA_Campaign_01
3361,120235053527040533,2026-05-05,3.690937,150.777923,28.304789,4614.0,84.00999999999999,149.0,7659.0,271.65,2500.0,Prospecting_Brand_Campaign_01
1835,120214873996970533,2026-05-05,1.179122,51.430457,49.15326100000001,8875.0,80.04,337.0,9792.0,48.18,4000.0,Prospecting_Brand_Campaign_02
3142,120231960742960533,2026-05-06,2.277055,148.165881,64.637975,4706.0,79.22,344.0,5953.0,39.99,2500.0,Remarketing_DPA_Campaign_01
3362,120235053527040533,2026-05-06,4.126213,190.240241,98.996078,3023.0,74.19,134.0,5645.0,157.29,2500.0,Prospecting_Brand_Campaign_01
1836,120214873996970533,2026-05-06,1.5251899999999998,58.131986,12.818483,7788.0,75.84,288.0,8733.0,203.04,4000.0,Prospecting_Brand_Campaign_02
3143,120231960742960533,2026-05-07,4.032591,173.332545,53.832429,6138.0,115.48,377.0,7754.0,45.99,2500.0,Remarketing_DPA_Campaign_01
3363,120235053527040533,2026-05-07,5.3425590000000005,196.383548,46.478171,3917.0,109.63,177.0,7525.0,181.38,2500.0,Prospecting_Brand_Campaign_01
1837,120214873996970533,2026-05-07,2.490571,104.463853,34.895961,10388.0,108.26,356.0,11631.0,303.4,4000.0,Prospecting_Brand_Campaign_02
3144,120231960742960533,2026-05-08,3.920116,155.369277,44.205476,6361.0,114.92,422.0,8131.0,96.0,2500.0,Remarketing_DPA_Campaign_01
1838,120214873996970533,2026-05-08,2.647199,67.825783,13.752992,11300.0,114.44,426.0,12813.0,342.55,4000.0,Prospecting_Brand_Campaign_02
3364,120235053527040533,2026-05-08,8.169092,170.124191,47.617301000000005,4678.0,112.82,180.0,9194.0,85.82,2500.0,Prospecting_Brand_Campaign_01
3365,120235053527040533,2026-05-09,10.336826,274.066264,89.961646,5046.0,110.48,149.0,8725.0,0.0,2500.0,Prospecting_Brand_Campaign_01
3145,120231960742960533,2026-05-09,2.340864,148.094686,58.774496,6629.0,104.75,459.0,7737.0,840.56,2500.0,Remarketing_DPA_Campaign_01
1839,120214873996970533,2026-05-09,1.109357,78.104427,11.718303,10290.0,106.92,365.0,11352.0,343.06,4000.0,Prospecting_Brand_Campaign_02
1840,120214873996970533,2026-05-10,1.61479,212.078732,14.17748,9973.0,116.39,335.0,11446.0,111.32,4000.0,Prospecting_Brand_Campaign_02
3366,120235053527040533,2026-05-10,29.550235,339.278528,50.549295,5642.0,127.14,175.0,9888.0,45.99,2500.0,Prospecting_Brand_Campaign_01
3146,120231960742960533,2026-05-10,2.212894,194.248512,67.179308,6478.0,122.61,502.0,8186.0,234.34,2500.0,Remarketing_DPA_Campaign_01
1841,120214873996970533,2026-05-11,3.194934,130.86262,27.068094,10846.0,135.51999999999998,553.0,12599.0,988.68,4000.0,Prospecting_Brand_Campaign_02
3367,120235053527040533,2026-05-11,16.281089,598.74168,61.579794,6045.0,184.22,168.0,7618.0,945.07,2500.0,Prospecting_Brand_Campaign_01
3147,120231960742960533,2026-05-11,2.549588,194.108406,86.115371,6673.0,138.51000100000002,615.0,8502.0,3994.52,2500.0,Remarketing_DPA_Campaign_01
1842,120214873996970533,2026-05-12,0.896919,139.181478,150.099544,12965.0,164.719998,663.0,16149.0,2302.09,4000.0,Prospecting_Brand_Campaign_02
3368,120235053527040533,2026-05-12,6.121662,365.023871,70.27076100000001,5528.0,160.57,146.0,6274.0,294.77,2500.0,Prospecting_Brand_Campaign_01
3148,120231960742960533,2026-05-12,4.330613,173.515113,55.203646,7149.0,145.78,590.0,9894.0,801.46,2500.0,Remarketing_DPA_Campaign_01
1843,120214873996970533,2026-05-13,1.171442,56.917736,20.372314,10887.0,130.31,599.0,13482.0,1045.56,4000.0,Prospecting_Brand_Campaign_02
3369,120235053527040533,2026-05-13,4.323975,259.060955,33.750526,2701.0,78.49,83.0,3428.0,775.93,2500.0,Prospecting_Brand_Campaign_01
3149,120231960742960533,2026-05-13,2.084771,188.402158,108.954958,6342.0,129.260001,479.0,8607.0,525.33,2500.0,Remarketing_DPA_Campaign_01
3150,120231960742960533,2026-05-14,3.815061,144.758399,37.324617,4718.0,93.78,298.0,6622.0,193.63,2500.0,Remarketing_DPA_Campaign_01
1844,120214873996970533,2026-05-14,1.221904,78.595549,17.779799,9412.0,94.71,421.0,11199.0,949.79,4000.0,Prospecting_Brand_Campaign_02
3370,120235053527040533,2026-05-14,3.78733,241.032664,123.380044,3935.0,100.21999999999998,163.0,4730.0,652.76,2500.0,Prospecting_Brand_Campaign_01
3151,120231960742960533,2026-05-15,3.984962,219.708125,41.94118,5719.0,112.12,384.0,7546.0,4499.38,2500.0,Remarketing_DPA_Campaign_01
1845,120214873996970533,2026-05-15,1.155694,54.937877,17.511213,11555.0,109.3,590.0,13629.0,755.19,4000.0,Prospecting_Brand_Campaign_02
3371,120235053527040533,2026-05-15,3.942004,134.659436,102.371532,4424.0,98.86,130.0,5277.0,434.52,2500.0,Prospecting_Brand_Campaign_01
3372,120235053527040533,2026-05-16,5.196007,225.461741,43.338816,4508.0,89.36,117.0,5192.0,378.79,2500.0,Prospecting_Brand_Campaign_01
1846,120214873996970533,2026-05-16,0.992191,53.393901,18.562628,10571.0,88.61999999999999,490.0,11765.0,695.53,4000.0,Prospecting_Brand_Campaign_02
3152,120231960742960533,2026-05-16,3.207827,139.803761,42.370386,6700.0,97.17,348.0,8282.0,573.92,2500.0,Remarketing_DPA_Campaign_01
3373,120235053527040533,2026-05-17,4.075977,157.212346,45.330682,6441.0,135.25,157.0,7426.0,332.15,2500.0,Prospecting_Brand_Campaign_01
3153,120231960742960533,2026-05-17,2.247339,165.194123,46.067486,8191.0,141.849999,574.0,10796.0,1402.36,2500.0,Remarketing_DPA_Campaign_01
1847,120214873996970533,2026-05-17,1.483562,44.509221,59.931631,17020.0,144.92,852.0,19671.0,1462.45,4000.0,Prospecting_Brand_Campaign_02
1848,120214873996970533,2026-05-18,1.196974,50.49761,51.230126000000006,14320.0,124.26,659.0,16062.0,908.88,4000.0,Prospecting_Brand_Campaign_02
3154,120231960742960533,2026-05-18,3.930664,177.337329,42.300682,6646.0,123.439999,438.0,8961.0,941.58,2500.0,Remarketing_DPA_Campaign_01
3374,120235053527040533,2026-05-18,4.608454,138.411648,51.112063000000006,6319.0,130.19,182.0,7521.0,69.64,2500.0,Prospecting_Brand_Campaign_01
3155,120231960742960533,2026-05-19,3.442667,165.079907,37.490593,6723.0,124.629999,435.0,8923.0,778.18,2500.0,Remarketing_DPA_Campaign_01
3375,120235053527040533,2026-05-19,3.972548,112.82612,39.636028,5886.0,118.16,189.0,6748.0,267.57,2500.0,Prospecting_Brand_Campaign_01
1849,120214873996970533,2026-05-19,1.384293,74.136571,15.531367,13473.0,114.96,642.0,14934.0,633.73,4000.0,Prospecting_Brand_Campaign_02
3156,120231960742960533,2026-05-20,2.065029,195.106307,74.38614899999999,6945.0,123.14,475.0,8839.0,0.0,2500.0,Remarketing_DPA_Campaign_01
1850,120214873996970533,2026-05-20,1.360018,52.715443,16.355124,11899.0,111.39,492.0,13458.0,368.41,4000.0,Prospecting_Brand_Campaign_02
3376,120235053527040533,2026-05-20,11.980395,451.416439,76.613446,5562.0,119.49,141.0,6430.0,106.75,2500.0,Prospecting_Brand_Campaign_01
3157,120231960742960533,2026-05-21,3.309274,177.696053,39.498718,5932.0,102.39,330.0,7483.0,372.93,2500.0,Remarketing_DPA_Campaign_01
3377,120235053527040533,2026-05-21,9.872262,459.935426,158.46725800000002,4529.0,102.8,101.0,5328.0,488.46,2500.0,Prospecting_Brand_Campaign_01
1851,120214873996970533,2026-05-21,1.609318,154.740554,37.611997,11903.0,111.240001,498.0,13261.0,301.3,4000.0,Prospecting_Brand_Campaign_02
3378,120235053527040533,2026-05-22,7.194049,390.38031,74.41669,5925.0,120.91,148.0,7010.0,169.89,2500.0,Prospecting_Brand_Campaign_01
1852,120214873996970533,2026-05-22,3.015935,125.66187,45.519148,11749.0,114.560001,410.0,12757.0,330.73,4000.0,Prospecting_Brand_Campaign_02
3158,120231960742960533,2026-05-22,4.331549,188.527336,37.845592,5798.0,111.78,366.0,7237.0,199.44,2500.0,Remarketing_DPA_Campaign_01
3379,120235053527040533,2026-05-23,6.7097560000000005,579.130219,89.613784,19538.0,108.72,143.0,21332.0,1112.5,2500.0,Prospecting_Brand_Campaign_01
3159,120231960742960533,2026-05-23,3.157957,192.477044,40.69968299999999,6617.0,112.590001,433.0,7823.0,485.83,2500.0,Remarketing_DPA_Campaign_01
1853,120214873996970533,2026-05-23,2.278053,99.868031,74.024905,12787.0,118.5,511.0,13882.0,470.89,4000.0,Prospecting_Brand_Campaign_02
3160,120231960742960533,2026-05-24,2.975281,200.976781,103.113472,6780.0,139.950001,513.0,8321.0,368.15,2500.0,Remarketing_DPA_Campaign_01
3380,120235053527040533,2026-05-24,8.721815,428.008152,46.800512000000005,7208.0,123.84,151.0,10557.0,293.0,2500.0,Prospecting_Brand_Campaign_01
1854,120214873996970533,2026-05-24,2.40851,145.43359800000002,67.233474,13355.0,133.56,581.0,15064.0,176.55,4000.0,Prospecting_Brand_Campaign_02
1855,120214873996970533,2026-05-25,1.2731,85.744523,16.542783,12543.0,120.08,517.0,13652.0,319.96,4000.0,Prospecting_Brand_Campaign_02
3161,120231960742960533,2026-05-25,4.638744,271.472898,130.685711,5593.0,120.87,420.0,6875.0,91.15,2500.0,Remarketing_DPA_Campaign_01
3381,120235053527040533,2026-05-25,8.470833,315.61067,99.376099,10412.0,128.87,152.0,14068.0,465.68,2500.0,Prospecting_Brand_Campaign_01
3393,120244619659900533,2026-05-25,17.50806,586.886495,62.269563,2584.0,110.63,64.0,2909.0,99.7,1500.0,Remarketing_Brand_Campaign_02
3405,120244623161820533,2026-05-25,3.332582,472.708237,62.023332,8350.0,130.530001,451.0,9526.0,104.17,1500.0,Remarketing_Brand_Campaign_01
1856,120214873996970533,2026-05-26,1.665869,57.113238,16.934293,2794.0,28.48,117.0,3146.0,318.23999999999995,4000.0,Prospecting_Brand_Campaign_02
3382,120235053527040533,2026-05-26,3.705286,322.586304,57.71152,1386.0,20.0,22.0,2035.0,365.87,2500.0,Prospecting_Brand_Campaign_01
3394,120244619659900533,2026-05-26,3.681667,761.039219,32.360492,348.0,13.58,11.0,420.0,0.0,1500.0,Remarketing_Brand_Campaign_02
3406,120244623161820533,2026-05-26,0.720921,194.633545,19.547928,2047.0,28.86,110.0,2218.0,119.5,1500.0,Remarketing_Brand_Campaign_01
3162,120231960742960533,2026-05-26,1.912327,262.374532,93.82007,1436.0,33.480000000000004,128.0,1742.0,0.0,2500.0,Remarketing_DPA_Campaign_01
3383,120235053527040533,2026-05-27,6.407619,392.136655,171.975159,942.0,14.42,19.0,1505.0,0.0,2500.0,Prospecting_Brand_Campaign_01
3395,120244619659900533,2026-05-27,1.515,456.516514,1.801802,178.0,5.93,2.0,219.0,0.0,1500.0,Remarketing_Brand_Campaign_02
3407,120244623161820533,2026-05-27,0.578929,65.014558,16.236446,659.0,6.77,35.0,728.0,239.41,1500.0,Remarketing_Brand_Campaign_01
3163,120231960742960533,2026-05-27,2.140955,186.616775,85.18366900000001,857.0,18.09,66.0,1073.0,239.12,2500.0,Remarketing_DPA_Campaign_01
1857,120214873996970533,2026-05-27,1.111376,84.601538,14.180145,1569.0,16.94,82.0,1840.0,57.99,4000.0,Prospecting_Brand_Campaign_02
1858,120214873996970533,2026-05-28,3.518588,112.803665,22.825961,3281.0,52.26,101.0,3969.0,292.9,4000.0,Prospecting_Brand_Campaign_02
3396,120244619659900533,2026-05-28,1.2075,231.973519,111.698276,372.0,5.79,10.0,454.0,0.0,1500.0,Remarketing_Brand_Campaign_02
3164,120231960742960533,2026-05-28,2.205137,193.910907,37.380998,1603.0,31.660000000000004,98.0,2033.0,0.0,2500.0,Remarketing_DPA_Campaign_01
3408,120244623161820533,2026-05-28,1.635,123.117272,23.488103,1700.0,26.07,90.0,1709.0,0.0,1500.0,Remarketing_Brand_Campaign_01
3384,120235053527040533,2026-05-28,6.350878,240.048848,26.840691,1485.0,16.18,28.0,1993.0,0.0,2500.0,Prospecting_Brand_Campaign_01
1859,120214873996970533,2026-05-29,0.783933,28.020874,106.872026,6550.0,35.49,199.0,6594.0,95.27,4000.0,Prospecting_Brand_Campaign_02
3409,120244623161820533,2026-05-29,1.104903,131.05959,27.337718,1117.0,16.82,45.0,1156.0,0.0,1500.0,Remarketing_Brand_Campaign_01
3165,120231960742960533,2026-05-29,2.045428,347.439524,83.840287,1556.0,30.55,132.0,1991.0,330.0,2500.0,Remarketing_DPA_Campaign_01
3397,120244619659900533,2026-05-29,0.91,165.213224,57.752884,337.0,4.78,7.0,429.0,38.59,1500.0,Remarketing_Brand_Campaign_02
3385,120235053527040533,2026-05-29,11.895833,242.241579,27.755012,1355.0,22.88,11.0,2154.0,29.67,2500.0,Prospecting_Brand_Campaign_01
3398,120244619659900533,2026-05-30,2.24,358.209103,49.33763700000001,231.0,3.2,4.0,288.0,0.0,1500.0,Remarketing_Brand_Campaign_02
3410,120244623161820533,2026-05-30,0.21,44.486922,2.816901,90.0,0.63,2.0,95.0,45.99,1500.0,Remarketing_Brand_Campaign_01
1860,120214873996970533,2026-05-30,0.0,0.0,0.0,0.0,0.0,0.0,0.0,0.0,4000.0,Prospecting_Brand_Campaign_02
3386,120235053527040533,2026-05-30,6.0168,166.08978,24.942226,1165.0,18.55,17.0,1833.0,943.22,2500.0,Prospecting_Brand_Campaign_01
3166,120231960742960533,2026-05-30,1.899935,153.785808,118.880851,1472.0,25.17,112.0,1787.0,120.0,2500.0,Remarketing_DPA_Campaign_01
3167,120231960742960533,2026-05-31,2.212465,195.991139,55.317853,1677.0,33.07,146.0,2079.0,497.85,2500.0,Remarketing_DPA_Campaign_01
3399,120244619659900533,2026-05-31,4.54,191.677166,36.564243000000005,406.0,6.01,5.0,538.0,180.13,1500.0,Remarketing_Brand_Campaign_02
3387,120235053527040533,2026-05-31,3.999096,268.562769,45.35837,1434.0,21.69,25.0,2308.0,29.99,2500.0,Prospecting_Brand_Campaign_01
1861,120214873996970533,2026-05-31,1.261481,47.979064,6.819571,3090.0,31.84,98.0,3393.0,0.0,4000.0,Prospecting_Brand_Campaign_02
3411,120244623161820533,2026-05-31,0.769069,47.334881,12.542558,1323.0,17.419999999999998,81.0,1464.0,226.68,1500.0,Remarketing_Brand_Campaign_01
3400,120244619659900533,2026-06-01,5.43,167.716401,27.424705,506.0,6.43,4.0,625.0,0.0,1500.0,Remarketing_Brand_Campaign_02
3168,120231960742960533,2026-06-01,2.768276,195.326953,57.086672,1751.0,34.95,109.0,2187.0,68.3,2500.0,Remarketing_DPA_Campaign_01
1862,120214873996970533,2026-06-01,0.625243,129.174985,21.592485,3078.0,32.14,174.0,3431.0,0.0,4000.0,Prospecting_Brand_Campaign_02
3388,120235053527040533,2026-06-01,3.929088,171.641867,26.292682,1878.0,25.05,37.0,2854.0,160.18,2500.0,Prospecting_Brand_Campaign_01
3412,120244623161820533,2026-06-01,0.59371,88.794287,16.196397,1307.0,16.809998999999998,82.0,1437.0,0.0,1500.0,Remarketing_Brand_Campaign_01
3401,120244619659900533,2026-06-02,5.115,225.635227,43.359606,1085.0,16.67,15.0,1574.0,162.0,1500.0,Remarketing_Brand_Campaign_02
3413,120244623161820533,2026-06-02,0.770342,54.523053,18.842659,1722.0,19.030001,100.0,1922.0,49.55,1500.0,Remarketing_Brand_Campaign_01
3169,120231960742960533,2026-06-02,3.076109,321.701427,30.912058,1405.0,30.62,87.0,1745.0,0.0,2500.0,Remarketing_DPA_Campaign_01
3389,120235053527040533,2026-06-02,6.851338,203.472795,23.295552,1860.0,28.36,25.0,3012.0,192.78,2500.0,Prospecting_Brand_Campaign_01
1863,120214873996970533,2026-06-02,1.37769,99.337562,22.890401,5044.0,50.1,255.0,5612.0,658.4399999999999,4000.0,Prospecting_Brand_Campaign_02
3390,120235053527040533,2026-06-03,5.032885,233.906843,52.007621,2113.0,25.43,42.0,2988.0,98.65,2500.0,Prospecting_Brand_Campaign_01
3402,120244619659900533,2026-06-03,8.800833,168.75546,88.479824,1066.0,15.9,17.0,1614.0,218.84,1500.0,Remarketing_Brand_Campaign_02
3414,120244623161820533,2026-06-03,0.880466,43.680694,27.219328,1516.0,15.38,85.0,1678.0,53.33,1500.0,Remarketing_Brand_Campaign_01
3170,120231960742960533,2026-06-03,4.542995,202.833923,51.034788,1213.0,25.61,88.0,1514.0,0.0,2500.0,Remarketing_DPA_Campaign_01
1864,120214873996970533,2026-06-03,0.992582,59.077166,16.896356,4125.0,40.54,192.0,4613.0,166.53000000000003,4000.0,Prospecting_Brand_Campaign_02
3391,120235053527040533,2026-06-04,1.7235710000000002,142.810864,26.240085,1628.0,25.66,16.0,2684.0,77.3,2500.0,Prospecting_Brand_Campaign_01
3403,120244619659900533,2026-06-04,3.6225,381.173426,12.665869,1024.0,16.32,9.0,1500.0,180.22,1500.0,Remarketing_Brand_Campaign_02
3171,120231960742960533,2026-06-04,3.770468,142.999039,57.018389,1182.0,23.31,81.0,1499.0,395.42,2500.0,Remarketing_DPA_Campaign_01
3415,120244623161820533,2026-06-04,1.080227,55.47429,14.954359,1255.0,12.99,36.0,1346.0,53.22,1500.0,Remarketing_Brand_Campaign_01
1865,120214873996970533,2026-06-04,1.198114,50.139392,16.105600000000003,3978.0,36.61,192.0,4493.0,49.5,4000.0,Prospecting_Brand_Campaign_02
3172,120231960742960533,2026-06-05,1.616056,160.201821,52.215564,1285.0,25.960002000000003,113.0,1675.0,0.0,2500.0,Remarketing_DPA_Campaign_01
3392,120235053527040533,2026-06-05,5.183176,265.052909,24.27862,1549.0,20.72,31.0,2300.0,0.0,2500.0,Prospecting_Brand_Campaign_01
3404,120244619659900533,2026-06-05,3.185258,197.71164,101.281673,824.0,12.35,8.0,1296.0,0.0,1500.0,Remarketing_Brand_Campaign_02
1866,120214873996970533,2026-06-05,0.822119,51.282199,22.314851,3720.0,37.619999,200.0,4237.0,34.99,4000.0,Prospecting_Brand_Campaign_02
3416,120244623161820533,2026-06-05,0.779522,99.288187,12.320712,1159.0,14.19,68.0,1331.0,49.06,1500.0,Remarketing_Brand_Campaign_01
